,type,country,region,units,co2e,source,source link,note,,LEGEND
0,solar,germany,,kg/TJ,11874,√ñko-Institut,?,Solar-PV-amorph-DE-2010,,"mix = average direct greenhouse gas emissions of producing one unit of electricity by the region's grid, given as CO2 equivalents (CO2e)"
1,mix,germany,,kg/TJ,109518,IINAS,?,El-KW-Park-DE-2020,,"residual mix = average direct greenhouse gas emissions of producing one unit of electricity by the region's grid after removing contributions from the set with guarantees of origin, given as CO2 equivalents (CO2e). Essentially, it is the mix value for a consumer who has not paid for guarantees that a certain percentage of the electricity is generated with renewable sources."
2,mix,canada,ontario,g/kWh,28,National Inventory Report - Greenhouse Gas Sources and Sinks in Canada - 1990-2020 - Part 3 Pg. 67,https://unfccc.int/documents/461919,,,"LCA = values based on a life-cycle analysis, thus including up- and downstream impacts throughout the electricity generation value chain"
3,mix,canada,newfoundland and labrador,g/kWh,25,National Inventory Report - Greenhouse Gas Sources and Sinks in Canada - 1990-2020 - Part 3 Pg. 62,https://unfccc.int/documents/461919,,,"issuance based = An alternative method for calculating residual mix values (as opposed to the slightly more standard Shifted Transaction based methodology). This difference in methodology can become significant with increased trading activity between regions, as in Europe. See ""Issuance Based Residual Mix Calculation Methodology, Grexel 2020"" Section 2 for a comparison of the two methods. Link: https://www.aib-net.org/sites/default/files/assets/facts/residual-mix/2019/RM%20EAM%20IB%20Calculation%20Methodology%20V1_1.pdf"
4,mix,canada,prince edward island,g/kWh,300,National Inventory Report - Greenhouse Gas Sources and Sinks in Canada - 1990-2020 - Part 3 Pg. 63,https://unfccc.int/documents/461919,"Due to the high level of imports from New Brunswick, New Brunswick values are used as these are more indicative of GHG consumption intensity. ",,
5,mix,canada,nova scotia,g/kWh,680,National Inventory Report - Greenhouse Gas Sources and Sinks in Canada - 1990-2020 - Part 3 Pg. 64,https://unfccc.int/documents/461919,,,
6,mix,canada,new brunswick,g/kWh,300,National Inventory Report - Greenhouse Gas Sources and Sinks in Canada - 1990-2020 - Part 3 Pg. 65,https://unfccc.int/documents/461919,,,
7,mix,canada,quebec,g/kWh,1.9,National Inventory Report - Greenhouse Gas Sources and Sinks in Canada - 1990-2020 - Part 3 Pg. 66,https://unfccc.int/documents/461919,,,
8,mix,canada,manitoba,g/kWh,1.2,National Inventory Report - Greenhouse Gas Sources and Sinks in Canada - 1990-2020 - Part 3 Pg. 68,https://unfccc.int/documents/461919,,,
9,mix,canada,saskatchewan,g/kWh,620,National Inventory Report - Greenhouse Gas Sources and Sinks in Canada - 1990-2020 - Part 3 Pg. 69,https://unfccc.int/documents/461919,,,
10,mix,canada,alberta,g/kWh,640,National Inventory Report - Greenhouse Gas Sources and Sinks in Canada - 1990-2020 - Part 3 Pg. 70,https://unfccc.int/documents/461919,,,
11,mix,canada,british columbia,g/kWh,7.8,National Inventory Report - Greenhouse Gas Sources and Sinks in Canada - 1990-2020 - Part 3 Pg. 71,https://unfccc.int/documents/461919,,,
12,mix,canada,yukon,g/kWh,110,National Inventory Report - Greenhouse Gas Sources and Sinks in Canada - 1990-2020 - Part 3 Pg. 72,https://unfccc.int/documents/461919,,,
13,mix,canada,northwest territories,g/kWh,180,National Inventory Report - Greenhouse Gas Sources and Sinks in Canada - 1990-2020 - Part 3 Pg. 73,https://unfccc.int/documents/461919,,,
14,mix,canada,nunavut,g/kWh,800,National Inventory Report - Greenhouse Gas Sources and Sinks in Canada - 1990-2020 - Part 3 Pg. 74,https://unfccc.int/documents/461919,,,
15,mix,united states of america,AKGD,lb/MWh,1114.4,2021 Green-e® Residual Mix Emission Rates (2019 Data),https://www.green-e.org/2021-residual-mix,,,
16,mix,united states of america,AKMS,lb/MWh,549.312,2021 Green-e® Residual Mix Emission Rates (2019 Data),https://www.green-e.org/2021-residual-mix,,,
17,mix,united states of america,AZNM,lb/MWh,952.321,2021 Green-e® Residual Mix Emission Rates (2019 Data),https://www.green-e.org/2021-residual-mix,,,
18,mix,united states of america,CAMX,lb/MWh,453.209,2021 Green-e® Residual Mix Emission Rates (2019 Data),https://www.green-e.org/2021-residual-mix,,,
19,mix,united states of america,ERCT,lb/MWh,868.64,2021 Green-e® Residual Mix Emission Rates (2019 Data),https://www.green-e.org/2021-residual-mix,,,
20,mix,united states of america,FRCC,lb/MWh,861.028,2021 Green-e® Residual Mix Emission Rates (2019 Data),https://www.green-e.org/2021-residual-mix,,,
21,mix,united states of america,HIMS,lb/MWh,1185.6,2021 Green-e® Residual Mix Emission Rates (2019 Data),https://www.green-e.org/2021-residual-mix,,,
22,mix,united states of america,HIOA,lb/MWh,1694.54,2021 Green-e® Residual Mix Emission Rates (2019 Data),https://www.green-e.org/2021-residual-mix,,,
23,mix,united states of america,MROE,lb/MWh,1502.56,2021 Green-e® Residual Mix Emission Rates (2019 Data),https://www.green-e.org/2021-residual-mix,,,
24,mix,united states of america,MROW,lb/MWh,1098.35,2021 Green-e® Residual Mix Emission Rates (2019 Data),https://www.green-e.org/2021-residual-mix,,,
25,mix,united states of america,NEWE,lb/MWh,488.888,2021 Green-e® Residual Mix Emission Rates (2019 Data),https://www.green-e.org/2021-residual-mix,,,
26,mix,united states of america,NWPP,lb/MWh,715.241,2021 Green-e® Residual Mix Emission Rates (2019 Data),https://www.green-e.org/2021-residual-mix,,,
27,mix,united states of america,NYCW,lb/MWh,553.801,2021 Green-e® Residual Mix Emission Rates (2019 Data),https://www.green-e.org/2021-residual-mix,,,
28,mix,united states of america,NYLI,lb/MWh,1208.98,2021 Green-e® Residual Mix Emission Rates (2019 Data),https://www.green-e.org/2021-residual-mix,,,
29,mix,united states of america,NYUP,lb/MWh,232.305,2021 Green-e® Residual Mix Emission Rates (2019 Data),https://www.green-e.org/2021-residual-mix,,,
30,mix,united states of america,PRMS,lb/MWh,1537.31,2021 Green-e® Residual Mix Emission Rates (2019 Data),https://www.green-e.org/2021-residual-mix,,,
31,mix,united states of america,RFCE,lb/MWh,695.034,2021 Green-e® Residual Mix Emission Rates (2019 Data),https://www.green-e.org/2021-residual-mix,,,
32,mix,united states of america,RFCM,lb/MWh,1189.34,2021 Green-e® Residual Mix Emission Rates (2019 Data),https://www.green-e.org/2021-residual-mix,,,
33,mix,united states of america,RFCW,lb/MWh,1067.68,2021 Green-e® Residual Mix Emission Rates (2019 Data),https://www.green-e.org/2021-residual-mix,,,
34,mix,united states of america,RMPA,lb/MWh,1242.61,2021 Green-e® Residual Mix Emission Rates (2019 Data),https://www.green-e.org/2021-residual-mix,,,
35,mix,united states of america,SPNO,lb/MWh,1069.97,2021 Green-e® Residual Mix Emission Rates (2019 Data),https://www.green-e.org/2021-residual-mix,,,
36,mix,united states of america,SPSO,lb/MWh,1001.99,2021 Green-e® Residual Mix Emission Rates (2019 Data),https://www.green-e.org/2021-residual-mix,,,
37,mix,united states of america,SRMV,lb/MWh,806.755,2021 Green-e® Residual Mix Emission Rates (2019 Data),https://www.green-e.org/2021-residual-mix,,,
38,mix,united states of america,SRMW,lb/MWh,1584.39,2021 Green-e® Residual Mix Emission Rates (2019 Data),https://www.green-e.org/2021-residual-mix,,,
39,mix,united states of america,SRSO,lb/MWh,969.165,2021 Green-e® Residual Mix Emission Rates (2019 Data),https://www.green-e.org/2021-residual-mix,,,
40,mix,united states of america,SRTV,lb/MWh,949.695,2021 Green-e® Residual Mix Emission Rates (2019 Data),https://www.green-e.org/2021-residual-mix,,,
41,mix,united states of america,SRVC,lb/MWh,675.417,2021 Green-e® Residual Mix Emission Rates (2019 Data),https://www.green-e.org/2021-residual-mix,,,
42,residual mix,united states of america,AKGD,lb/MWh,1126.04,2021 Green-e® Residual Mix Emission Rates (2019 Data),https://www.green-e.org/2021-residual-mix,,,
43,residual mix,united states of america,AKMS,lb/MWh,549.31,2021 Green-e® Residual Mix Emission Rates (2019 Data),https://www.green-e.org/2021-residual-mix,,,
44,residual mix,united states of america,AZNM,lb/MWh,954.89,2021 Green-e® Residual Mix Emission Rates (2019 Data),https://www.green-e.org/2021-residual-mix,,,
45,residual mix,united states of america,CAMX,lb/MWh,461.46,2021 Green-e® Residual Mix Emission Rates (2019 Data),https://www.green-e.org/2021-residual-mix,,,
46,residual mix,united states of america,ERCT,lb/MWh,927.31,2021 Green-e® Residual Mix Emission Rates (2019 Data),https://www.green-e.org/2021-residual-mix,,,
47,residual mix,united states of america,FRCC,lb/MWh,867.37,2021 Green-e® Residual Mix Emission Rates (2019 Data),https://www.green-e.org/2021-residual-mix,,,
48,residual mix,united states of america,HIMS,lb/MWh,1185.6,2021 Green-e® Residual Mix Emission Rates (2019 Data),https://www.green-e.org/2021-residual-mix,,,
49,residual mix,united states of america,HIOA,lb/MWh,1694.54,2021 Green-e® Residual Mix Emission Rates (2019 Data),https://www.green-e.org/2021-residual-mix,,,
50,residual mix,united states of america,MROE,lb/MWh,1502.6,2021 Green-e® Residual Mix Emission Rates (2019 Data),https://www.green-e.org/2021-residual-mix,,,
51,residual mix,united states of america,MROW,lb/MWh,1149.6,2021 Green-e® Residual Mix Emission Rates (2019 Data),https://www.green-e.org/2021-residual-mix,,,
52,residual mix,united states of america,NEWE,lb/MWh,490.94,2021 Green-e® Residual Mix Emission Rates (2019 Data),https://www.green-e.org/2021-residual-mix,,,
53,residual mix,united states of america,NWPP,lb/MWh,733.82,2021 Green-e® Residual Mix Emission Rates (2019 Data),https://www.green-e.org/2021-residual-mix,,,
54,residual mix,united states of america,NYCW,lb/MWh,553.8,2021 Green-e® Residual Mix Emission Rates (2019 Data),https://www.green-e.org/2021-residual-mix,,,
55,residual mix,united states of america,NYLI,lb/MWh,1208.98,2021 Green-e® Residual Mix Emission Rates (2019 Data),https://www.green-e.org/2021-residual-mix,,,
56,residual mix,united states of america,NYUP,lb/MWh,232.36,2021 Green-e® Residual Mix Emission Rates (2019 Data),https://www.green-e.org/2021-residual-mix,,,
57,residual mix,united states of america,PRMS,lb/MWh,1554.21,2021 Green-e® Residual Mix Emission Rates (2019 Data),https://www.green-e.org/2021-residual-mix,,,
58,residual mix,united states of america,RFCE,lb/MWh,695.24,2021 Green-e® Residual Mix Emission Rates (2019 Data),https://www.green-e.org/2021-residual-mix,,,
59,residual mix,united states of america,RFCM,lb/MWh,1189.95,2021 Green-e® Residual Mix Emission Rates (2019 Data),https://www.green-e.org/2021-residual-mix,,,
60,residual mix,united states of america,RFCW,lb/MWh,1068.07,2021 Green-e® Residual Mix Emission Rates (2019 Data),https://www.green-e.org/2021-residual-mix,,,
61,residual mix,united states of america,RMPA,lb/MWh,1274.88,2021 Green-e® Residual Mix Emission Rates (2019 Data),https://www.green-e.org/2021-residual-mix,,,
62,residual mix,united states of america,SPNO,lb/MWh,1147.55,2021 Green-e® Residual Mix Emission Rates (2019 Data),https://www.green-e.org/2021-residual-mix,,,
63,residual mix,united states of america,SPSO,lb/MWh,1185.98,2021 Green-e® Residual Mix Emission Rates (2019 Data),https://www.green-e.org/2021-residual-mix,,,
64,residual mix,united states of america,SRMV,lb/MWh,808.45,2021 Green-e® Residual Mix Emission Rates (2019 Data),https://www.green-e.org/2021-residual-mix,,,
65,residual mix,united states of america,SRMW,lb/MWh,1592.27,2021 Green-e® Residual Mix Emission Rates (2019 Data),https://www.green-e.org/2021-residual-mix,,,
66,residual mix,united states of america,SRSO,lb/MWh,975.84,2021 Green-e® Residual Mix Emission Rates (2019 Data),https://www.green-e.org/2021-residual-mix,,,
67,residual mix,united states of america,SRTV,lb/MWh,949.91,2021 Green-e® Residual Mix Emission Rates (2019 Data),https://www.green-e.org/2021-residual-mix,,,
68,residual mix,united states of america,SRVC,lb/MWh,678.35,2021 Green-e® Residual Mix Emission Rates (2019 Data),https://www.green-e.org/2021-residual-mix,,,
69,mix,australia,New South Wales and the Australian Capital Territory ,kg/kWh,0.79,National Greenhouse Accounts Factors: 2021 - pg 19 Table 5,https://www.industry.gov.au/data-and-publications/national-greenhouse-accounts-factors-2021,,,
70,mix,australia,Victoria ,kg/kWh,0.96,National Greenhouse Accounts Factors: 2021 - pg 19 Table 5,https://www.industry.gov.au/data-and-publications/national-greenhouse-accounts-factors-2021,,,
71,mix,australia,Queensland ,kg/kWh,0.8,National Greenhouse Accounts Factors: 2021 - pg 19 Table 5,https://www.industry.gov.au/data-and-publications/national-greenhouse-accounts-factors-2021,,,
72,mix,australia,South Australia ,kg/kWh,0.35,National Greenhouse Accounts Factors: 2021 - pg 19 Table 5,https://www.industry.gov.au/data-and-publications/national-greenhouse-accounts-factors-2021,,,
73,mix,australia,South West Interconnected System (SWIS) in Western Australia ,kg/kWh,0.68,National Greenhouse Accounts Factors: 2021 - pg 19 Table 5,https://www.industry.gov.au/data-and-publications/national-greenhouse-accounts-factors-2021,,,
74,mix,australia,North Western Interconnected System (NWIS) in Western Australia ,kg/kWh,0.58,National Greenhouse Accounts Factors: 2021 - pg 19 Table 5,https://www.industry.gov.au/data-and-publications/national-greenhouse-accounts-factors-2021,,,
75,mix,australia,Darwin Katherine Interconnected System (DKIS) in the Northern Territory ,kg/kWh,0.54,National Greenhouse Accounts Factors: 2021 - pg 19 Table 5,https://www.industry.gov.au/data-and-publications/national-greenhouse-accounts-factors-2021,,,
76,mix,australia,Tasmania ,kg/kWh,0.16,National Greenhouse Accounts Factors: 2021 - pg 19 Table 5,https://www.industry.gov.au/data-and-publications/national-greenhouse-accounts-factors-2021,,,
77,mix,australia,Northern Territory ,kg/kWh,0.57,National Greenhouse Accounts Factors: 2021 - pg 19 Table 5,https://www.industry.gov.au/data-and-publications/national-greenhouse-accounts-factors-2021,,,
78,residual mix,belgium,,g/kWh,188.37,"Association of Issuing Bodies, European Residual Mixes 2018, Table 2 pg 7 (Direct GWP)",https://www.aib-net.org/sites/default/files/assets/facts/residual-mix/2018/AIB_2018_Residual_Mix_Results_v1_1.pdf,Values published in 2019 (possibly outdated),,
79,residual mix,bulgaria,,g/kWh,495.43,"Association of Issuing Bodies, European Residual Mixes 2018, Table 2 pg 7 (Direct GWP)",https://www.aib-net.org/sites/default/files/assets/facts/residual-mix/2018/AIB_2018_Residual_Mix_Results_v1_1.pdf,Values published in 2019 (possibly outdated),,
80,residual mix,croatia,,g/kWh,561.68,"Association of Issuing Bodies, European Residual Mixes 2018, Table 2 pg 7 (Direct GWP)",https://www.aib-net.org/sites/default/files/assets/facts/residual-mix/2018/AIB_2018_Residual_Mix_Results_v1_1.pdf,Values published in 2019 (possibly outdated),,
81,residual mix,cyprus,,g/kWh,770.21,"Association of Issuing Bodies, European Residual Mixes 2018, Table 2 pg 7 (Direct GWP)",https://www.aib-net.org/sites/default/files/assets/facts/residual-mix/2018/AIB_2018_Residual_Mix_Results_v1_1.pdf,Values published in 2019 (possibly outdated),,
82,residual mix,czech republic,,g/kWh,612.3,"Association of Issuing Bodies, European Residual Mixes 2018, Table 2 pg 7 (Direct GWP)",https://www.aib-net.org/sites/default/files/assets/facts/residual-mix/2018/AIB_2018_Residual_Mix_Results_v1_1.pdf,Values published in 2019 (possibly outdated),,
83,residual mix,denmark,,g/kWh,509.03,"Association of Issuing Bodies, European Residual Mixes 2018, Table 2 pg 7 (Direct GWP)",https://www.aib-net.org/sites/default/files/assets/facts/residual-mix/2018/AIB_2018_Residual_Mix_Results_v1_1.pdf,Values published in 2019 (possibly outdated),,
84,residual mix,estonia,,g/kWh,1043.28,"Association of Issuing Bodies, European Residual Mixes 2018, Table 2 pg 7 (Direct GWP)",https://www.aib-net.org/sites/default/files/assets/facts/residual-mix/2018/AIB_2018_Residual_Mix_Results_v1_1.pdf,Values published in 2019 (possibly outdated),,
85,residual mix,finland,,g/kWh,301.64,"Association of Issuing Bodies, European Residual Mixes 2018, Table 2 pg 7 (Direct GWP)",https://www.aib-net.org/sites/default/files/assets/facts/residual-mix/2018/AIB_2018_Residual_Mix_Results_v1_1.pdf,Values published in 2019 (possibly outdated),,
86,residual mix,france,,g/kWh,53.18,"Association of Issuing Bodies, European Residual Mixes 2018, Table 2 pg 7 (Direct GWP)",https://www.aib-net.org/sites/default/files/assets/facts/residual-mix/2018/AIB_2018_Residual_Mix_Results_v1_1.pdf,Values published in 2019 (possibly outdated),,
87,residual mix,germany,,g/kWh,728.69,"Association of Issuing Bodies, European Residual Mixes 2018, Table 2 pg 7 (Direct GWP)",https://www.aib-net.org/sites/default/files/assets/facts/residual-mix/2018/AIB_2018_Residual_Mix_Results_v1_1.pdf,Values published in 2019 (possibly outdated),,
88,residual mix,united kingdom,,g/kWh,380.96,"Association of Issuing Bodies, European Residual Mixes 2018, Table 2 pg 7 (Direct GWP)",https://www.aib-net.org/sites/default/files/assets/facts/residual-mix/2018/AIB_2018_Residual_Mix_Results_v1_1.pdf,Values published in 2019 (possibly outdated),,
89,residual mix,greece,,g/kWh,596.44,"Association of Issuing Bodies, European Residual Mixes 2018, Table 2 pg 7 (Direct GWP)",https://www.aib-net.org/sites/default/files/assets/facts/residual-mix/2018/AIB_2018_Residual_Mix_Results_v1_1.pdf,Values published in 2019 (possibly outdated),,
90,residual mix,hungary,,g/kWh,378.98,"Association of Issuing Bodies, European Residual Mixes 2018, Table 2 pg 7 (Direct GWP)",https://www.aib-net.org/sites/default/files/assets/facts/residual-mix/2018/AIB_2018_Residual_Mix_Results_v1_1.pdf,Values published in 2019 (possibly outdated),,
91,residual mix,iceland,,g/kWh,482.24,"Association of Issuing Bodies, European Residual Mixes 2018, Table 2 pg 7 (Direct GWP)",https://www.aib-net.org/sites/default/files/assets/facts/residual-mix/2018/AIB_2018_Residual_Mix_Results_v1_1.pdf,Values published in 2019 (possibly outdated),,
92,residual mix,ireland,,g/kWh,638.07,"Association of Issuing Bodies, European Residual Mixes 2018, Table 2 pg 7 (Direct GWP)",https://www.aib-net.org/sites/default/files/assets/facts/residual-mix/2018/AIB_2018_Residual_Mix_Results_v1_1.pdf,Values published in 2019 (possibly outdated),,
93,residual mix,italy,,g/kWh,487.23,"Association of Issuing Bodies, European Residual Mixes 2018, Table 2 pg 7 (Direct GWP)",https://www.aib-net.org/sites/default/files/assets/facts/residual-mix/2018/AIB_2018_Residual_Mix_Results_v1_1.pdf,Values published in 2019 (possibly outdated),,
94,residual mix,latvia,,g/kWh,322.76,"Association of Issuing Bodies, European Residual Mixes 2018, Table 2 pg 7 (Direct GWP)",https://www.aib-net.org/sites/default/files/assets/facts/residual-mix/2018/AIB_2018_Residual_Mix_Results_v1_1.pdf,Values published in 2019 (possibly outdated),,
95,residual mix,lithuania,,g/kWh,380.73,"Association of Issuing Bodies, European Residual Mixes 2018, Table 2 pg 7 (Direct GWP)",https://www.aib-net.org/sites/default/files/assets/facts/residual-mix/2018/AIB_2018_Residual_Mix_Results_v1_1.pdf,Values published in 2019 (possibly outdated),,
96,residual mix,luxembourg,,g/kWh,361.18,"Association of Issuing Bodies, European Residual Mixes 2018, Table 2 pg 7 (Direct GWP)",https://www.aib-net.org/sites/default/files/assets/facts/residual-mix/2018/AIB_2018_Residual_Mix_Results_v1_1.pdf,Values published in 2019 (possibly outdated),,
97,residual mix,malta,,g/kWh,668.92,"Association of Issuing Bodies, European Residual Mixes 2018, Table 2 pg 7 (Direct GWP)",https://www.aib-net.org/sites/default/files/assets/facts/residual-mix/2018/AIB_2018_Residual_Mix_Results_v1_1.pdf,Values published in 2019 (possibly outdated),,
98,residual mix,netherlands,,g/kWh,533.37,"Association of Issuing Bodies, European Residual Mixes 2018, Table 2 pg 7 (Direct GWP)",https://www.aib-net.org/sites/default/files/assets/facts/residual-mix/2018/AIB_2018_Residual_Mix_Results_v1_1.pdf,Values published in 2019 (possibly outdated),,
99,residual mix,norway,,g/kWh,257.77,"Association of Issuing Bodies, European Residual Mixes 2018, Table 2 pg 7 (Direct GWP)",https://www.aib-net.org/sites/default/files/assets/facts/residual-mix/2018/AIB_2018_Residual_Mix_Results_v1_1.pdf,Values published in 2019 (possibly outdated),,
100,residual mix,poland,,g/kWh,904.62,"Association of Issuing Bodies, European Residual Mixes 2018, Table 2 pg 7 (Direct GWP)",https://www.aib-net.org/sites/default/files/assets/facts/residual-mix/2018/AIB_2018_Residual_Mix_Results_v1_1.pdf,Values published in 2019 (possibly outdated),,
101,residual mix,portugal,,g/kWh,315.52,"Association of Issuing Bodies, European Residual Mixes 2018, Table 2 pg 7 (Direct GWP)",https://www.aib-net.org/sites/default/files/assets/facts/residual-mix/2018/AIB_2018_Residual_Mix_Results_v1_1.pdf,Values published in 2019 (possibly outdated),,
102,residual mix,romania,,g/kWh,402.59,"Association of Issuing Bodies, European Residual Mixes 2018, Table 2 pg 7 (Direct GWP)",https://www.aib-net.org/sites/default/files/assets/facts/residual-mix/2018/AIB_2018_Residual_Mix_Results_v1_1.pdf,Values published in 2019 (possibly outdated),,
103,residual mix,slovakia,,g/kWh,193.95,"Association of Issuing Bodies, European Residual Mixes 2018, Table 2 pg 7 (Direct GWP)",https://www.aib-net.org/sites/default/files/assets/facts/residual-mix/2018/AIB_2018_Residual_Mix_Results_v1_1.pdf,Values published in 2019 (possibly outdated),,
104,residual mix,slovenia,,g/kWh,502.23,"Association of Issuing Bodies, European Residual Mixes 2018, Table 2 pg 7 (Direct GWP)",https://www.aib-net.org/sites/default/files/assets/facts/residual-mix/2018/AIB_2018_Residual_Mix_Results_v1_1.pdf,Values published in 2019 (possibly outdated),,
105,residual mix,spain,,g/kWh,450.91,"Association of Issuing Bodies, European Residual Mixes 2018, Table 2 pg 7 (Direct GWP)",https://www.aib-net.org/sites/default/files/assets/facts/residual-mix/2018/AIB_2018_Residual_Mix_Results_v1_1.pdf,Values published in 2019 (possibly outdated),,
106,residual mix,sweden,,g/kWh,37.42,"Association of Issuing Bodies, European Residual Mixes 2018, Table 2 pg 7 (Direct GWP)",https://www.aib-net.org/sites/default/files/assets/facts/residual-mix/2018/AIB_2018_Residual_Mix_Results_v1_1.pdf,Values published in 2019 (possibly outdated),,
107,residual mix,switzerland,,g/kWh,33.99,"Association of Issuing Bodies, European Residual Mixes 2018, Table 2 pg 7 (Direct GWP)",https://www.aib-net.org/sites/default/files/assets/facts/residual-mix/2018/AIB_2018_Residual_Mix_Results_v1_1.pdf,Values published in 2019 (possibly outdated),,
108,issuance based residual mix,austria,,g/kWh,181.19,"Association of Issuing Bodies, European Residual Mixes 2018, Table 9 pg 33 (Direct GWP)",https://www.aib-net.org/sites/default/files/assets/facts/residual-mix/2018/AIB_2018_Residual_Mix_Results_v1_1.pdf,Values published in 2019 (possibly outdated),,
109,issuance based residual mix,belgium,,g/kWh,214.14,"Association of Issuing Bodies, European Residual Mixes 2018, Table 9 pg 33 (Direct GWP)",https://www.aib-net.org/sites/default/files/assets/facts/residual-mix/2018/AIB_2018_Residual_Mix_Results_v1_1.pdf,Values published in 2019 (possibly outdated),,
110,issuance based residual mix,bulgaria,,g/kWh,495.43,"Association of Issuing Bodies, European Residual Mixes 2018, Table 9 pg 33 (Direct GWP)",https://www.aib-net.org/sites/default/files/assets/facts/residual-mix/2018/AIB_2018_Residual_Mix_Results_v1_1.pdf,Values published in 2019 (possibly outdated),,
111,issuance based residual mix,croatia,,g/kWh,562.13,"Association of Issuing Bodies, European Residual Mixes 2018, Table 9 pg 33 (Direct GWP)",https://www.aib-net.org/sites/default/files/assets/facts/residual-mix/2018/AIB_2018_Residual_Mix_Results_v1_1.pdf,Values published in 2019 (possibly outdated),,
112,issuance based residual mix,cyprus,,g/kWh,771.42,"Association of Issuing Bodies, European Residual Mixes 2018, Table 9 pg 33 (Direct GWP)",https://www.aib-net.org/sites/default/files/assets/facts/residual-mix/2018/AIB_2018_Residual_Mix_Results_v1_1.pdf,Values published in 2019 (possibly outdated),,
113,issuance based residual mix,czech republic,,g/kWh,613.26,"Association of Issuing Bodies, European Residual Mixes 2018, Table 9 pg 33 (Direct GWP)",https://www.aib-net.org/sites/default/files/assets/facts/residual-mix/2018/AIB_2018_Residual_Mix_Results_v1_1.pdf,Values published in 2019 (possibly outdated),,
114,issuance based residual mix,denmark,,g/kWh,528.09,"Association of Issuing Bodies, European Residual Mixes 2018, Table 9 pg 33 (Direct GWP)",https://www.aib-net.org/sites/default/files/assets/facts/residual-mix/2018/AIB_2018_Residual_Mix_Results_v1_1.pdf,Values published in 2019 (possibly outdated),,
115,issuance based residual mix,estonia,,g/kWh,979.91,"Association of Issuing Bodies, European Residual Mixes 2018, Table 9 pg 33 (Direct GWP)",https://www.aib-net.org/sites/default/files/assets/facts/residual-mix/2018/AIB_2018_Residual_Mix_Results_v1_1.pdf,Values published in 2019 (possibly outdated),,
116,issuance based residual mix,finland,,g/kWh,301.38,"Association of Issuing Bodies, European Residual Mixes 2018, Table 9 pg 33 (Direct GWP)",https://www.aib-net.org/sites/default/files/assets/facts/residual-mix/2018/AIB_2018_Residual_Mix_Results_v1_1.pdf,Values published in 2019 (possibly outdated),,
117,issuance based residual mix,france,,g/kWh,53.82,"Association of Issuing Bodies, European Residual Mixes 2018, Table 9 pg 33 (Direct GWP)",https://www.aib-net.org/sites/default/files/assets/facts/residual-mix/2018/AIB_2018_Residual_Mix_Results_v1_1.pdf,Values published in 2019 (possibly outdated),,
118,issuance based residual mix,germany,,g/kWh,726.92,"Association of Issuing Bodies, European Residual Mixes 2018, Table 9 pg 33 (Direct GWP)",https://www.aib-net.org/sites/default/files/assets/facts/residual-mix/2018/AIB_2018_Residual_Mix_Results_v1_1.pdf,Values published in 2019 (possibly outdated),,
119,issuance based residual mix,united kingdom,,g/kWh,385.69,"Association of Issuing Bodies, European Residual Mixes 2018, Table 9 pg 33 (Direct GWP)",https://www.aib-net.org/sites/default/files/assets/facts/residual-mix/2018/AIB_2018_Residual_Mix_Results_v1_1.pdf,Values published in 2019 (possibly outdated),,
120,issuance based residual mix,greece,,g/kWh,549.33,"Association of Issuing Bodies, European Residual Mixes 2018, Table 9 pg 33 (Direct GWP)",https://www.aib-net.org/sites/default/files/assets/facts/residual-mix/2018/AIB_2018_Residual_Mix_Results_v1_1.pdf,Values published in 2019 (possibly outdated),,
121,issuance based residual mix,hungary,,g/kWh,380.08,"Association of Issuing Bodies, European Residual Mixes 2018, Table 9 pg 33 (Direct GWP)",https://www.aib-net.org/sites/default/files/assets/facts/residual-mix/2018/AIB_2018_Residual_Mix_Results_v1_1.pdf,Values published in 2019 (possibly outdated),,
122,issuance based residual mix,iceland,,g/kWh,479.12,"Association of Issuing Bodies, European Residual Mixes 2018, Table 9 pg 33 (Direct GWP)",https://www.aib-net.org/sites/default/files/assets/facts/residual-mix/2018/AIB_2018_Residual_Mix_Results_v1_1.pdf,Values published in 2019 (possibly outdated),,
123,issuance based residual mix,ireland,,g/kWh,565.38,"Association of Issuing Bodies, European Residual Mixes 2018, Table 9 pg 33 (Direct GWP)",https://www.aib-net.org/sites/default/files/assets/facts/residual-mix/2018/AIB_2018_Residual_Mix_Results_v1_1.pdf,Values published in 2019 (possibly outdated),,
124,issuance based residual mix,italy,,g/kWh,487.38,"Association of Issuing Bodies, European Residual Mixes 2018, Table 9 pg 33 (Direct GWP)",https://www.aib-net.org/sites/default/files/assets/facts/residual-mix/2018/AIB_2018_Residual_Mix_Results_v1_1.pdf,Values published in 2019 (possibly outdated),,
125,issuance based residual mix,latvia,,g/kWh,322.76,"Association of Issuing Bodies, European Residual Mixes 2018, Table 9 pg 33 (Direct GWP)",https://www.aib-net.org/sites/default/files/assets/facts/residual-mix/2018/AIB_2018_Residual_Mix_Results_v1_1.pdf,Values published in 2019 (possibly outdated),,
126,issuance based residual mix,lithuania,,g/kWh,509.7,"Association of Issuing Bodies, European Residual Mixes 2018, Table 9 pg 33 (Direct GWP)",https://www.aib-net.org/sites/default/files/assets/facts/residual-mix/2018/AIB_2018_Residual_Mix_Results_v1_1.pdf,Values published in 2019 (possibly outdated),,
127,issuance based residual mix,luxembourg,,g/kWh,502.43,"Association of Issuing Bodies, European Residual Mixes 2018, Table 9 pg 33 (Direct GWP)",https://www.aib-net.org/sites/default/files/assets/facts/residual-mix/2018/AIB_2018_Residual_Mix_Results_v1_1.pdf,Values published in 2019 (possibly outdated),,
128,issuance based residual mix,malta,,g/kWh,669,"Association of Issuing Bodies, European Residual Mixes 2018, Table 9 pg 33 (Direct GWP)",https://www.aib-net.org/sites/default/files/assets/facts/residual-mix/2018/AIB_2018_Residual_Mix_Results_v1_1.pdf,Values published in 2019 (possibly outdated),,
129,issuance based residual mix,netherlands,,g/kWh,530.41,"Association of Issuing Bodies, European Residual Mixes 2018, Table 9 pg 33 (Direct GWP)",https://www.aib-net.org/sites/default/files/assets/facts/residual-mix/2018/AIB_2018_Residual_Mix_Results_v1_1.pdf,Values published in 2019 (possibly outdated),,
130,issuance based residual mix,norway,,g/kWh,454.67,"Association of Issuing Bodies, European Residual Mixes 2018, Table 9 pg 33 (Direct GWP)",https://www.aib-net.org/sites/default/files/assets/facts/residual-mix/2018/AIB_2018_Residual_Mix_Results_v1_1.pdf,Values published in 2019 (possibly outdated),,
131,issuance based residual mix,poland,,g/kWh,923.83,"Association of Issuing Bodies, European Residual Mixes 2018, Table 9 pg 33 (Direct GWP)",https://www.aib-net.org/sites/default/files/assets/facts/residual-mix/2018/AIB_2018_Residual_Mix_Results_v1_1.pdf,Values published in 2019 (possibly outdated),,
132,issuance based residual mix,portugal,,g/kWh,315.52,"Association of Issuing Bodies, European Residual Mixes 2018, Table 9 pg 33 (Direct GWP)",https://www.aib-net.org/sites/default/files/assets/facts/residual-mix/2018/AIB_2018_Residual_Mix_Results_v1_1.pdf,Values published in 2019 (possibly outdated),,
133,issuance based residual mix,romania,,g/kWh,402.59,"Association of Issuing Bodies, European Residual Mixes 2018, Table 9 pg 33 (Direct GWP)",https://www.aib-net.org/sites/default/files/assets/facts/residual-mix/2018/AIB_2018_Residual_Mix_Results_v1_1.pdf,Values published in 2019 (possibly outdated),,
134,issuance based residual mix,slovakia,,g/kWh,210.2,"Association of Issuing Bodies, European Residual Mixes 2018, Table 9 pg 33 (Direct GWP)",https://www.aib-net.org/sites/default/files/assets/facts/residual-mix/2018/AIB_2018_Residual_Mix_Results_v1_1.pdf,Values published in 2019 (possibly outdated),,
135,issuance based residual mix,slovenia,,g/kWh,493.94,"Association of Issuing Bodies, European Residual Mixes 2018, Table 9 pg 33 (Direct GWP)",https://www.aib-net.org/sites/default/files/assets/facts/residual-mix/2018/AIB_2018_Residual_Mix_Results_v1_1.pdf,Values published in 2019 (possibly outdated),,
136,issuance based residual mix,spain,,g/kWh,451,"Association of Issuing Bodies, European Residual Mixes 2018, Table 9 pg 33 (Direct GWP)",https://www.aib-net.org/sites/default/files/assets/facts/residual-mix/2018/AIB_2018_Residual_Mix_Results_v1_1.pdf,Values published in 2019 (possibly outdated),,
137,issuance based residual mix,sweden,,g/kWh,36.55,"Association of Issuing Bodies, European Residual Mixes 2018, Table 9 pg 33 (Direct GWP)",https://www.aib-net.org/sites/default/files/assets/facts/residual-mix/2018/AIB_2018_Residual_Mix_Results_v1_1.pdf,Values published in 2019 (possibly outdated),,
138,issuance based residual mix,switzerland,,g/kWh,81.35,"Association of Issuing Bodies, European Residual Mixes 2018, Table 9 pg 33 (Direct GWP)",https://www.aib-net.org/sites/default/files/assets/facts/residual-mix/2018/AIB_2018_Residual_Mix_Results_v1_1.pdf,Values published in 2019 (possibly outdated),,
139,LCA residual mix,belgium,,g/kWh,251.89,"Association of Issuing Bodies, European Residual Mixes 2018, Table 2 pg 7 (LCA GWP)",https://www.aib-net.org/sites/default/files/assets/facts/residual-mix/2018/AIB_2018_Residual_Mix_Results_v1_1.pdf,Values published in 2019 (possibly outdated),,
140,LCA residual mix,bulgaria,,g/kWh,528.54,"Association of Issuing Bodies, European Residual Mixes 2018, Table 2 pg 7 (LCA GWP)",https://www.aib-net.org/sites/default/files/assets/facts/residual-mix/2018/AIB_2018_Residual_Mix_Results_v1_1.pdf,Values published in 2019 (possibly outdated),,
141,LCA residual mix,croatia,,g/kWh,617.87,"Association of Issuing Bodies, European Residual Mixes 2018, Table 2 pg 7 (LCA GWP)",https://www.aib-net.org/sites/default/files/assets/facts/residual-mix/2018/AIB_2018_Residual_Mix_Results_v1_1.pdf,Values published in 2019 (possibly outdated),,
142,LCA residual mix,cyprus,,g/kWh,905.01,"Association of Issuing Bodies, European Residual Mixes 2018, Table 2 pg 7 (LCA GWP)",https://www.aib-net.org/sites/default/files/assets/facts/residual-mix/2018/AIB_2018_Residual_Mix_Results_v1_1.pdf,Values published in 2019 (possibly outdated),,
143,LCA residual mix,czech republic,,g/kWh,673.95,"Association of Issuing Bodies, European Residual Mixes 2018, Table 2 pg 7 (LCA GWP)",https://www.aib-net.org/sites/default/files/assets/facts/residual-mix/2018/AIB_2018_Residual_Mix_Results_v1_1.pdf,Values published in 2019 (possibly outdated),,
144,LCA residual mix,denmark,,g/kWh,618.52,"Association of Issuing Bodies, European Residual Mixes 2018, Table 2 pg 7 (LCA GWP)",https://www.aib-net.org/sites/default/files/assets/facts/residual-mix/2018/AIB_2018_Residual_Mix_Results_v1_1.pdf,Values published in 2019 (possibly outdated),,
145,LCA residual mix,estonia,,g/kWh,1094.5,"Association of Issuing Bodies, European Residual Mixes 2018, Table 2 pg 7 (LCA GWP)",https://www.aib-net.org/sites/default/files/assets/facts/residual-mix/2018/AIB_2018_Residual_Mix_Results_v1_1.pdf,Values published in 2019 (possibly outdated),,
146,LCA residual mix,finland,,g/kWh,373.03,"Association of Issuing Bodies, European Residual Mixes 2018, Table 2 pg 7 (LCA GWP)",https://www.aib-net.org/sites/default/files/assets/facts/residual-mix/2018/AIB_2018_Residual_Mix_Results_v1_1.pdf,Values published in 2019 (possibly outdated),,
147,LCA residual mix,france,,g/kWh,79.07,"Association of Issuing Bodies, European Residual Mixes 2018, Table 2 pg 7 (LCA GWP)",https://www.aib-net.org/sites/default/files/assets/facts/residual-mix/2018/AIB_2018_Residual_Mix_Results_v1_1.pdf,Values published in 2019 (possibly outdated),,
148,LCA residual mix,germany,,g/kWh,816.7,"Association of Issuing Bodies, European Residual Mixes 2018, Table 2 pg 7 (LCA GWP)",https://www.aib-net.org/sites/default/files/assets/facts/residual-mix/2018/AIB_2018_Residual_Mix_Results_v1_1.pdf,Values published in 2019 (possibly outdated),,
149,LCA residual mix,united kingdom,,g/kWh,416.46,"Association of Issuing Bodies, European Residual Mixes 2018, Table 2 pg 7 (LCA GWP)",https://www.aib-net.org/sites/default/files/assets/facts/residual-mix/2018/AIB_2018_Residual_Mix_Results_v1_1.pdf,Values published in 2019 (possibly outdated),,
150,LCA residual mix,greece,,g/kWh,685.43,"Association of Issuing Bodies, European Residual Mixes 2018, Table 2 pg 7 (LCA GWP)",https://www.aib-net.org/sites/default/files/assets/facts/residual-mix/2018/AIB_2018_Residual_Mix_Results_v1_1.pdf,Values published in 2019 (possibly outdated),,
151,LCA residual mix,hungary,,g/kWh,460.23,"Association of Issuing Bodies, European Residual Mixes 2018, Table 2 pg 7 (LCA GWP)",https://www.aib-net.org/sites/default/files/assets/facts/residual-mix/2018/AIB_2018_Residual_Mix_Results_v1_1.pdf,Values published in 2019 (possibly outdated),,
152,LCA residual mix,iceland,,g/kWh,550.95,"Association of Issuing Bodies, European Residual Mixes 2018, Table 2 pg 7 (LCA GWP)",https://www.aib-net.org/sites/default/files/assets/facts/residual-mix/2018/AIB_2018_Residual_Mix_Results_v1_1.pdf,Values published in 2019 (possibly outdated),,
153,LCA residual mix,ireland,,g/kWh,718.5,"Association of Issuing Bodies, European Residual Mixes 2018, Table 2 pg 7 (LCA GWP)",https://www.aib-net.org/sites/default/files/assets/facts/residual-mix/2018/AIB_2018_Residual_Mix_Results_v1_1.pdf,Values published in 2019 (possibly outdated),,
154,LCA residual mix,italy,,g/kWh,596.06,"Association of Issuing Bodies, European Residual Mixes 2018, Table 2 pg 7 (LCA GWP)",https://www.aib-net.org/sites/default/files/assets/facts/residual-mix/2018/AIB_2018_Residual_Mix_Results_v1_1.pdf,Values published in 2019 (possibly outdated),,
155,LCA residual mix,latvia,,g/kWh,375.08,"Association of Issuing Bodies, European Residual Mixes 2018, Table 2 pg 7 (LCA GWP)",https://www.aib-net.org/sites/default/files/assets/facts/residual-mix/2018/AIB_2018_Residual_Mix_Results_v1_1.pdf,Values published in 2019 (possibly outdated),,
156,LCA residual mix,lithuania,,g/kWh,446.15,"Association of Issuing Bodies, European Residual Mixes 2018, Table 2 pg 7 (LCA GWP)",https://www.aib-net.org/sites/default/files/assets/facts/residual-mix/2018/AIB_2018_Residual_Mix_Results_v1_1.pdf,Values published in 2019 (possibly outdated),,
157,LCA residual mix,luxembourg,,g/kWh,398.52,"Association of Issuing Bodies, European Residual Mixes 2018, Table 2 pg 7 (LCA GWP)",https://www.aib-net.org/sites/default/files/assets/facts/residual-mix/2018/AIB_2018_Residual_Mix_Results_v1_1.pdf,Values published in 2019 (possibly outdated),,
158,LCA residual mix,malta,,g/kWh,779.46,"Association of Issuing Bodies, European Residual Mixes 2018, Table 2 pg 7 (LCA GWP)",https://www.aib-net.org/sites/default/files/assets/facts/residual-mix/2018/AIB_2018_Residual_Mix_Results_v1_1.pdf,Values published in 2019 (possibly outdated),,
159,LCA residual mix,netherlands,,g/kWh,642.46,"Association of Issuing Bodies, European Residual Mixes 2018, Table 2 pg 7 (LCA GWP)",https://www.aib-net.org/sites/default/files/assets/facts/residual-mix/2018/AIB_2018_Residual_Mix_Results_v1_1.pdf,Values published in 2019 (possibly outdated),,
160,LCA residual mix,norway,,g/kWh,278.41,"Association of Issuing Bodies, European Residual Mixes 2018, Table 2 pg 7 (LCA GWP)",https://www.aib-net.org/sites/default/files/assets/facts/residual-mix/2018/AIB_2018_Residual_Mix_Results_v1_1.pdf,Values published in 2019 (possibly outdated),,
161,LCA residual mix,poland,,g/kWh,1031.32,"Association of Issuing Bodies, European Residual Mixes 2018, Table 2 pg 7 (LCA GWP)",https://www.aib-net.org/sites/default/files/assets/facts/residual-mix/2018/AIB_2018_Residual_Mix_Results_v1_1.pdf,Values published in 2019 (possibly outdated),,
162,LCA residual mix,portugal,,g/kWh,396.54,"Association of Issuing Bodies, European Residual Mixes 2018, Table 2 pg 7 (LCA GWP)",https://www.aib-net.org/sites/default/files/assets/facts/residual-mix/2018/AIB_2018_Residual_Mix_Results_v1_1.pdf,Values published in 2019 (possibly outdated),,
163,LCA residual mix,romania,,g/kWh,442.66,"Association of Issuing Bodies, European Residual Mixes 2018, Table 2 pg 7 (LCA GWP)",https://www.aib-net.org/sites/default/files/assets/facts/residual-mix/2018/AIB_2018_Residual_Mix_Results_v1_1.pdf,Values published in 2019 (possibly outdated),,
164,LCA residual mix,slovakia,,g/kWh,246.64,"Association of Issuing Bodies, European Residual Mixes 2018, Table 2 pg 7 (LCA GWP)",https://www.aib-net.org/sites/default/files/assets/facts/residual-mix/2018/AIB_2018_Residual_Mix_Results_v1_1.pdf,Values published in 2019 (possibly outdated),,
165,LCA residual mix,slovenia,,g/kWh,542.83,"Association of Issuing Bodies, European Residual Mixes 2018, Table 2 pg 7 (LCA GWP)",https://www.aib-net.org/sites/default/files/assets/facts/residual-mix/2018/AIB_2018_Residual_Mix_Results_v1_1.pdf,Values published in 2019 (possibly outdated),,
166,LCA residual mix,spain,,g/kWh,527.78,"Association of Issuing Bodies, European Residual Mixes 2018, Table 2 pg 7 (LCA GWP)",https://www.aib-net.org/sites/default/files/assets/facts/residual-mix/2018/AIB_2018_Residual_Mix_Results_v1_1.pdf,Values published in 2019 (possibly outdated),,
167,LCA residual mix,sweden,,g/kWh,53.61,"Association of Issuing Bodies, European Residual Mixes 2018, Table 2 pg 7 (LCA GWP)",https://www.aib-net.org/sites/default/files/assets/facts/residual-mix/2018/AIB_2018_Residual_Mix_Results_v1_1.pdf,Values published in 2019 (possibly outdated),,
168,LCA residual mix,switzerland,,g/kWh,57.29,"Association of Issuing Bodies, European Residual Mixes 2018, Table 2 pg 7 (LCA GWP)",https://www.aib-net.org/sites/default/files/assets/facts/residual-mix/2018/AIB_2018_Residual_Mix_Results_v1_1.pdf,Values published in 2019 (possibly outdated),,
169,LCA issuance based residual mix,austria,,g/kWh,189.45,"Association of Issuing Bodies, European Residual Mixes 2018, Table 9 pg 33 (LCA GWP)",https://www.aib-net.org/sites/default/files/assets/facts/residual-mix/2018/AIB_2018_Residual_Mix_Results_v1_1.pdf,Values published in 2019 (possibly outdated),,
170,LCA issuance based residual mix,belgium,,g/kWh,287,"Association of Issuing Bodies, European Residual Mixes 2018, Table 9 pg 33 (LCA GWP)",https://www.aib-net.org/sites/default/files/assets/facts/residual-mix/2018/AIB_2018_Residual_Mix_Results_v1_1.pdf,Values published in 2019 (possibly outdated),,
171,LCA issuance based residual mix,bulgaria,,g/kWh,526.8,"Association of Issuing Bodies, European Residual Mixes 2018, Table 9 pg 33 (LCA GWP)",https://www.aib-net.org/sites/default/files/assets/facts/residual-mix/2018/AIB_2018_Residual_Mix_Results_v1_1.pdf,Values published in 2019 (possibly outdated),,
172,LCA issuance based residual mix,croatia,,g/kWh,605.91,"Association of Issuing Bodies, European Residual Mixes 2018, Table 9 pg 33 (LCA GWP)",https://www.aib-net.org/sites/default/files/assets/facts/residual-mix/2018/AIB_2018_Residual_Mix_Results_v1_1.pdf,Values published in 2019 (possibly outdated),,
173,LCA issuance based residual mix,cyprus,,g/kWh,906.37,"Association of Issuing Bodies, European Residual Mixes 2018, Table 9 pg 33 (LCA GWP)",https://www.aib-net.org/sites/default/files/assets/facts/residual-mix/2018/AIB_2018_Residual_Mix_Results_v1_1.pdf,Values published in 2019 (possibly outdated),,
174,LCA issuance based residual mix,czech republic,,g/kWh,674.93,"Association of Issuing Bodies, European Residual Mixes 2018, Table 9 pg 33 (LCA GWP)",https://www.aib-net.org/sites/default/files/assets/facts/residual-mix/2018/AIB_2018_Residual_Mix_Results_v1_1.pdf,Values published in 2019 (possibly outdated),,
175,LCA issuance based residual mix,denmark,,g/kWh,642.67,"Association of Issuing Bodies, European Residual Mixes 2018, Table 9 pg 33 (LCA GWP)",https://www.aib-net.org/sites/default/files/assets/facts/residual-mix/2018/AIB_2018_Residual_Mix_Results_v1_1.pdf,Values published in 2019 (possibly outdated),,
176,LCA issuance based residual mix,estonia,,g/kWh,1030.97,"Association of Issuing Bodies, European Residual Mixes 2018, Table 9 pg 33 (LCA GWP)",https://www.aib-net.org/sites/default/files/assets/facts/residual-mix/2018/AIB_2018_Residual_Mix_Results_v1_1.pdf,Values published in 2019 (possibly outdated),,
177,LCA issuance based residual mix,finland,,g/kWh,372.15,"Association of Issuing Bodies, European Residual Mixes 2018, Table 9 pg 33 (LCA GWP)",https://www.aib-net.org/sites/default/files/assets/facts/residual-mix/2018/AIB_2018_Residual_Mix_Results_v1_1.pdf,Values published in 2019 (possibly outdated),,
178,LCA issuance based residual mix,france,,g/kWh,78.09,"Association of Issuing Bodies, European Residual Mixes 2018, Table 9 pg 33 (LCA GWP)",https://www.aib-net.org/sites/default/files/assets/facts/residual-mix/2018/AIB_2018_Residual_Mix_Results_v1_1.pdf,Values published in 2019 (possibly outdated),,
179,LCA issuance based residual mix,germany,,g/kWh,815.49,"Association of Issuing Bodies, European Residual Mixes 2018, Table 9 pg 33 (LCA GWP)",https://www.aib-net.org/sites/default/files/assets/facts/residual-mix/2018/AIB_2018_Residual_Mix_Results_v1_1.pdf,Values published in 2019 (possibly outdated),,
180,LCA issuance based residual mix,united kingdom,,g/kWh,425.66,"Association of Issuing Bodies, European Residual Mixes 2018, Table 9 pg 33 (LCA GWP)",https://www.aib-net.org/sites/default/files/assets/facts/residual-mix/2018/AIB_2018_Residual_Mix_Results_v1_1.pdf,Values published in 2019 (possibly outdated),,
181,LCA issuance based residual mix,greece,,g/kWh,632.43,"Association of Issuing Bodies, European Residual Mixes 2018, Table 9 pg 33 (LCA GWP)",https://www.aib-net.org/sites/default/files/assets/facts/residual-mix/2018/AIB_2018_Residual_Mix_Results_v1_1.pdf,Values published in 2019 (possibly outdated),,
182,LCA issuance based residual mix,hungary,,g/kWh,461.27,"Association of Issuing Bodies, European Residual Mixes 2018, Table 9 pg 33 (LCA GWP)",https://www.aib-net.org/sites/default/files/assets/facts/residual-mix/2018/AIB_2018_Residual_Mix_Results_v1_1.pdf,Values published in 2019 (possibly outdated),,
183,LCA issuance based residual mix,iceland,,g/kWh,548.18,"Association of Issuing Bodies, European Residual Mixes 2018, Table 9 pg 33 (LCA GWP)",https://www.aib-net.org/sites/default/files/assets/facts/residual-mix/2018/AIB_2018_Residual_Mix_Results_v1_1.pdf,Values published in 2019 (possibly outdated),,
184,LCA issuance based residual mix,ireland,,g/kWh,671.89,"Association of Issuing Bodies, European Residual Mixes 2018, Table 9 pg 33 (LCA GWP)",https://www.aib-net.org/sites/default/files/assets/facts/residual-mix/2018/AIB_2018_Residual_Mix_Results_v1_1.pdf,Values published in 2019 (possibly outdated),,
185,LCA issuance based residual mix,italy,,g/kWh,596.84,"Association of Issuing Bodies, European Residual Mixes 2018, Table 9 pg 33 (LCA GWP)",https://www.aib-net.org/sites/default/files/assets/facts/residual-mix/2018/AIB_2018_Residual_Mix_Results_v1_1.pdf,Values published in 2019 (possibly outdated),,
186,LCA issuance based residual mix,latvia,,g/kWh,375.06,"Association of Issuing Bodies, European Residual Mixes 2018, Table 9 pg 33 (LCA GWP)",https://www.aib-net.org/sites/default/files/assets/facts/residual-mix/2018/AIB_2018_Residual_Mix_Results_v1_1.pdf,Values published in 2019 (possibly outdated),,
187,LCA issuance based residual mix,lithuania,,g/kWh,586.97,"Association of Issuing Bodies, European Residual Mixes 2018, Table 9 pg 33 (LCA GWP)",https://www.aib-net.org/sites/default/files/assets/facts/residual-mix/2018/AIB_2018_Residual_Mix_Results_v1_1.pdf,Values published in 2019 (possibly outdated),,
188,LCA issuance based residual mix,luxembourg,,g/kWh,575.72,"Association of Issuing Bodies, European Residual Mixes 2018, Table 9 pg 33 (LCA GWP)",https://www.aib-net.org/sites/default/files/assets/facts/residual-mix/2018/AIB_2018_Residual_Mix_Results_v1_1.pdf,Values published in 2019 (possibly outdated),,
189,LCA issuance based residual mix,malta,,g/kWh,779.78,"Association of Issuing Bodies, European Residual Mixes 2018, Table 9 pg 33 (LCA GWP)",https://www.aib-net.org/sites/default/files/assets/facts/residual-mix/2018/AIB_2018_Residual_Mix_Results_v1_1.pdf,Values published in 2019 (possibly outdated),,
190,LCA issuance based residual mix,netherlands,,g/kWh,639.5,"Association of Issuing Bodies, European Residual Mixes 2018, Table 9 pg 33 (LCA GWP)",https://www.aib-net.org/sites/default/files/assets/facts/residual-mix/2018/AIB_2018_Residual_Mix_Results_v1_1.pdf,Values published in 2019 (possibly outdated),,
191,LCA issuance based residual mix,norway,,g/kWh,520.23,"Association of Issuing Bodies, European Residual Mixes 2018, Table 9 pg 33 (LCA GWP)",https://www.aib-net.org/sites/default/files/assets/facts/residual-mix/2018/AIB_2018_Residual_Mix_Results_v1_1.pdf,Values published in 2019 (possibly outdated),,
192,LCA issuance based residual mix,poland,,g/kWh,1054.3,"Association of Issuing Bodies, European Residual Mixes 2018, Table 9 pg 33 (LCA GWP)",https://www.aib-net.org/sites/default/files/assets/facts/residual-mix/2018/AIB_2018_Residual_Mix_Results_v1_1.pdf,Values published in 2019 (possibly outdated),,
193,LCA issuance based residual mix,portugal,,g/kWh,396.54,"Association of Issuing Bodies, European Residual Mixes 2018, Table 9 pg 33 (LCA GWP)",https://www.aib-net.org/sites/default/files/assets/facts/residual-mix/2018/AIB_2018_Residual_Mix_Results_v1_1.pdf,Values published in 2019 (possibly outdated),,
194,LCA issuance based residual mix,romania,,g/kWh,442.66,"Association of Issuing Bodies, European Residual Mixes 2018, Table 9 pg 33 (LCA GWP)",https://www.aib-net.org/sites/default/files/assets/facts/residual-mix/2018/AIB_2018_Residual_Mix_Results_v1_1.pdf,Values published in 2019 (possibly outdated),,
195,LCA issuance based residual mix,slovakia,,g/kWh,263.89,"Association of Issuing Bodies, European Residual Mixes 2018, Table 9 pg 33 (LCA GWP)",https://www.aib-net.org/sites/default/files/assets/facts/residual-mix/2018/AIB_2018_Residual_Mix_Results_v1_1.pdf,Values published in 2019 (possibly outdated),,
196,LCA issuance based residual mix,slovenia,,g/kWh,534.17,"Association of Issuing Bodies, European Residual Mixes 2018, Table 9 pg 33 (LCA GWP)",https://www.aib-net.org/sites/default/files/assets/facts/residual-mix/2018/AIB_2018_Residual_Mix_Results_v1_1.pdf,Values published in 2019 (possibly outdated),,
197,LCA issuance based residual mix,spain,,g/kWh,512.71,"Association of Issuing Bodies, European Residual Mixes 2018, Table 9 pg 33 (LCA GWP)",https://www.aib-net.org/sites/default/files/assets/facts/residual-mix/2018/AIB_2018_Residual_Mix_Results_v1_1.pdf,Values published in 2019 (possibly outdated),,
198,LCA issuance based residual mix,sweden,,g/kWh,58.28,"Association of Issuing Bodies, European Residual Mixes 2018, Table 9 pg 33 (LCA GWP)",https://www.aib-net.org/sites/default/files/assets/facts/residual-mix/2018/AIB_2018_Residual_Mix_Results_v1_1.pdf,Values published in 2019 (possibly outdated),,
199,LCA issuance based residual mix,switzerland,,g/kWh,117.59,"Association of Issuing Bodies, European Residual Mixes 2018, Table 9 pg 33 (LCA GWP)",https://www.aib-net.org/sites/default/files/assets/facts/residual-mix/2018/AIB_2018_Residual_Mix_Results_v1_1.pdf,Values published in 2019 (possibly outdated),,
200,,,,,,,,,,
201,,,,,,,,,,
202,,,,,,,,,,
203,,,,,,,,,,
204,,,,,,,,,,
205,,,,,,,,,,
206,,,,,,,,,,
207,,,,,,,,,,
208,,,,,,,,,,
209,,,,,,,,,,
210,,,,,,,,,,
211,,,,,,,,,,
212,,,,,,,,,,
213,,,,,,,,,,
214,,,,,,,,,,
215,,,,,,,,,,
216,,,,,,,,,,
217,,,,,,,,,,
218,,,,,,,,,,
219,,,,,,,,,,
220,,,,,,,,,,